station_id,site_cluster,station_name,state,region,lat,lon
CABEACH_WQX-19000,CABEACH_WQX-19000,19000,CA,Pacific,34.272228,-119.28517
CABEACH_WQX-27N,CABEACH_WQX-27N,27N,CA,Pacific,33.67565,-118.02853
CABEACH_WQX-27S,CABEACH_WQX-27S,27S,CA,Pacific,33.59426,-117.88161
CABEACH_WQX-33000,CABEACH_WQX-33000,33000,CA,Pacific,34.17652,-119.23708
CABEACH_WQX-35000,CABEACH_WQX-35000,35000,CA,Pacific,34.16328,-119.23029
CABEACH_WQX-4000,CABEACH_WQX-4000,4000,CA,Pacific,34.35218,-119.4281
CABEACH_WQX-41000,CABEACH_WQX-41000,41000,CA,Pacific,34.14134,-119.19515
CABEACH_WQX-AB10,CABEACH_WQX-AB10,AB10,CA,Pacific,35.17845,-120.73785
CABEACH_WQX-B-67,CABEACH_WQX-B-67,B-67,CA,Pacific,33.75806,-118.13021
CABEACH_WQX-B-7,CABEACH_WQX-B-7,B-7,CA,Pacific,33.75956,-118.15493
CABEACH_WQX-BAKER NW,CABEACH_WQX-BAKER NW,BAKER NW,CA,Pacific,37.83317,-122.4778
CABEACH_WQX-BAY#202.5_SL,CABEACH_WQX-BAY#202.5_SL,BAY#202.5_SL,CA,Pacific,37.8069,-122.4683
CABEACH_WQX-BAY#230_SL,CABEACH_WQX-BAY#230_SL,BAY#230_SL,CA,Pacific,37.763431,-122.38686
CABEACH_WQX-BAY#320_SL,CABEACH_WQX-BAY#320_SL,BAY#320_SL,CA,Pacific,37.74703,-122.38793
CABEACH_WQX-BHH04,CABEACH_WQX-BHH04,BHH04,CA,Pacific,33.71718,-118.06924
CABEACH_WQX-BHH13,CABEACH_WQX-BHH13,BHH13,CA,Pacific,33.72045,-118.06514
CABEACH_WQX-BHH15,CABEACH_WQX-BHH15,BHH15,CA,Pacific,33.72644,-118.07126
CABEACH_WQX-BNB14,CABEACH_WQX-BNB14,BNB14,CA,Pacific,33.60898,-117.92571
CABEACH_WQX-BNB22,CABEACH_WQX-BNB22,BNB22,CA,Pacific,33.59875,-117.88257
CABEACH_WQX-BNB31,CABEACH_WQX-BNB31,BNB31,CA,Pacific,33.60639,-117.89939
CABEACH_WQX-BNB35,CABEACH_WQX-BNB35,BNB35,CA,Pacific,33.6203,-117.92866
CABEACH_WQX-CB-01,CABEACH_WQX-CB-01,CB-01,CA,Pacific,33.71333,-118.283
CABEACH_WQX-DPH 005,CABEACH_WQX-DPH 005,DPH 005,CA,Pacific,34.02908,-118.75366
CABEACH_WQX-DPH 006,CABEACH_WQX-DPH 006,DPH 006,CA,Pacific,34.02071,-118.78616
CABEACH_WQX-DPH 101,CABEACH_WQX-DPH 101,DPH 101,CA,Pacific,34.03934,-118.55052
CABEACH_WQX-DPH 122,CABEACH_WQX-DPH 122,DPH 122,CA,Pacific,33.9611547,-118.45621
CABEACH_WQX-EH-390,CABEACH_WQX-EH-390,EH-390,CA,Pacific,32.9855,-117.27364
CABEACH_WQX-EH-480,CABEACH_WQX-EH-480,EH-480,CA,Pacific,33.1644,-117.3591
CABEACH_WQX-EN-040,CABEACH_WQX-EN-040,EN-040,CA,Pacific,33.119222,-117.32711
CABEACH_WQX-Frenchmans Creek,CABEACH_WQX-Frenchmans Creek,Frenchmans Creek,CA,Pacific,37.4808,-122.4515
CABEACH_WQX-HYPS4,CABEACH_WQX-HYPS4,HYPS4,CA,Pacific,34.02645,-118.51955
CABEACH_WQX-HYPS8,CABEACH_WQX-HYPS8,HYPS8,CA,Pacific,33.98625,-118.47635
CABEACH_WQX-Keller North Beach,CABEACH_WQX-Keller North Beach,Keller North Beach,CA,Pacific,37.92105,-122.38693
CABEACH_WQX-Luffenholtz Creek,CABEACH_WQX-Luffenholtz Creek,Luffenholtz Creek,CA,Pacific,41.0423,-124.12084
CABEACH_WQX-MAINBCD,CABEACH_WQX-MAINBCD,MAINBCD,CA,Pacific,33.54218,-117.78527
CABEACH_WQX-MARIPOZ,CABEACH_WQX-MARIPOZ,MARIPOZ,CA,Pacific,33.4241,-117.62558
CABEACH_WQX-MB-090,CABEACH_WQX-MB-090,MB-090,CA,Pacific,32.7883,-117.2314
CABEACH_WQX-MB14,CABEACH_WQX-MB14,MB14,CA,Pacific,35.3986,-120.86824
CABEACH_WQX-MDCU,CABEACH_WQX-MDCU,MDCU,CA,Pacific,33.582294,-117.85717
CABEACH_WQX-North Roosevelt Creek,CABEACH_WQX-North Roosevelt Creek,North Roosevelt Creek,CA,Pacific,37.489,-122.4562
CABEACH_WQX-OSB05,CABEACH_WQX-OSB05,OSB05,CA,Pacific,33.73779,-118.10628
CABEACH_WQX-PIERD,CABEACH_WQX-PIERD,PIERD,CA,Pacific,33.41957,-117.62
CABEACH_WQX-PL-040,CABEACH_WQX-PL-040,PL-040,CA,Pacific,32.6653,-117.2432
CABEACH_WQX-S-19,CABEACH_WQX-S-19,S-19,CA,Pacific,33.42074,-117.62134
CABEACH_WQX-S-9,CABEACH_WQX-S-9,S-9,CA,Pacific,33.4545,-117.66827
CABEACH_WQX-S10,CABEACH_WQX-S10,S10,CA,Pacific,33.51162,-117.75463
CABEACH_WQX-SI-030,CABEACH_WQX-SI-030,SI-030,CA,Pacific,32.86768,-117.25413
CABEACH_WQX-SMB-1-13,CABEACH_WQX-SMB-1-13,SMB-1-13,CA,Pacific,34.0383,-118.6731
CABEACH_WQX-STINSON BEACH - NORTH,CABEACH_WQX-STINSON BEACH - NORTH,STINSON BEACH - NORTH,CA,Pacific,37.89717,-122.64295
CABEACH_WQX-STINSON BEACH - SOUTH,CABEACH_WQX-STINSON BEACH - SOUTH,STINSON BEACH - SOUTH,CA,Pacific,37.891805,-122.63576
1CTDPHBM-100,1CTDPHBM-100,GREAT CAPTAIN'S ISLAND BEACH,CT,Atlantic,40.98301,-73.62732
1CTDPHBM-12100,1CTDPHBM-12100,NOANK DOCK,CT,Atlantic,41.32521,-71.98462
1CTDPHBM-13200,1CTDPHBM-13200,ROCKY NECK STATE PARK BEACH,CT,Atlantic,41.30012,-72.24132
1CTDPHBM-1400,1CTDPHBM-1400,CUMMINGS BEACH,CT,Atlantic,41.03872,-73.5201
1CTDPHBM-2900,1CTDPHBM-2900,HICKORY BLUFF BEACH,CT,Atlantic,41.07891,-73.42052
1CTDPHBM-3100,1CTDPHBM-3100,CALF PASTURE BEACH,CT,Atlantic,41.08596,-73.39232
1CTDPHBM-5600,1CTDPHBM-5600,SEASIDE PARK BEACH,CT,Atlantic,41.15786,-73.20323
1CTDPHBM-9700,1CTDPHBM-9700,SURF CLUB BEACH,CT,Atlantic,41.2722,-72.61665
CUSH-WW723,CUSH-WW723,Palmer Cove Mid,CT,Atlantic,41.32519,-72.00236
HARBORWATCH_WQX-Noroton-1,HARBORWATCH_WQX-Noroton-1,Noroton 1,CT,Atlantic,41.06093,-73.50735
21MABCH-MA035626-1,21MABCH-MA035626-1,Broady (Baker) - Location 1,MA,Atlantic,42.25709,-70.97182
21MABCH-MA100769-1,21MABCH-MA100769-1,Chikatawbot - Location 1,MA,Atlantic,42.26553,-70.9902
21MABCH-MA101965-1,21MABCH-MA101965-1,Old Silver Residents - Location 1,MA,Atlantic,41.62522,-70.6401
21MABCH-MA102069-1,21MABCH-MA102069-1,Follins Pond (Yarmouth) - Location 1,MA,Atlantic,41.71006,-70.18662
21MABCH-MA156826-1,21MABCH-MA156826-1,Dune's Colony (648 Shore Rd) - Location 1,MA,Atlantic,42.0591,-70.1441
21MABCH-MA208905-1,21MABCH-MA208905-1,Hidden Bay - Location 1,MA,Atlantic,41.60291,-70.9296
21MABCH-MA218585-1,21MABCH-MA218585-1,Mingo - Location 1,MA,Atlantic,42.55067,-70.83956
21MABCH-MA219864-1,21MABCH-MA219864-1,Crescent - Location 1,MA,Atlantic,41.65169,-70.77974
21MABCH-MA262419-1,21MABCH-MA262419-1,Winston Ave - Location 1,MA,Atlantic,42.06134,-70.15065
21MABCH-MA316598-1,21MABCH-MA316598-1,Kalmus Yacht - Location 1,MA,Atlantic,41.6355,-70.27594
21MABCH-MA338567-1,21MABCH-MA338567-1,Parkers River East - Location 1,MA,Atlantic,41.64097,-70.21118
21MABCH-MA343487-1,21MABCH-MA343487-1,Racing Beach Association - Location 1,MA,Atlantic,41.55502,-70.65401
21MABCH-MA366029-1,21MABCH-MA366029-1,Bowerman's Beach Club - Location 1,MA,Atlantic,41.59731,-70.64829
21MABCH-MA373541-1,21MABCH-MA373541-1,Shipyard Lane - Location 1,MA,Atlantic,42.02734,-70.67072
21MABCH-MA374356-1,21MABCH-MA374356-1,Little Neck - Location 1,MA,Atlantic,42.69387,-70.79294
21MABCH-MA388711-1,21MABCH-MA388711-1,Stone Horse Yacht Club - Location 1,MA,Atlantic,41.6639,-70.06465
21MABCH-MA391603-1,21MABCH-MA391603-1,"Sea Pines Condominium Association I, II, III, IV - Location 1",MA,Atlantic,41.77282,-70.0649
21MABCH-MA442429-1,21MABCH-MA442429-1,Grey Neck - Location 1,MA,Atlantic,41.66097,-70.09931
21MABCH-MA464209-1,21MABCH-MA464209-1,Bayview (Dartmouth) - Location 1,MA,Atlantic,41.57156,-70.94541
21MABCH-MA467731-1,21MABCH-MA467731-1,Mayflower - Location 1,MA,Atlantic,41.74235,-70.21875
21MABCH-MA514992-1,21MABCH-MA514992-1,Eugenia Fortes - Location 1,MA,Atlantic,41.63218,-70.29976
21MABCH-MA524106-1,21MABCH-MA524106-1,Preston - Location 1,MA,Atlantic,42.47823,-70.87932
21MABCH-MA536859-1,21MABCH-MA536859-1,Sandy Beach (Swansea) - Location 1,MA,Atlantic,41.72249,-71.21086
21MABCH-MA544995-2,21MABCH-MA544995-2,Kings (DCR)-Pierce Rd.,MA,Atlantic,42.46459,-70.92371
21MABCH-MA552169-1,21MABCH-MA552169-1,Plymouth Beach - 1 - Location 1,MA,Atlantic,41.9446,-70.62543
21MABCH-MA590846-1,21MABCH-MA590846-1,Popponesset Beach Association (Bluff Ave.) - Location 1,MA,Atlantic,41.57642,-70.45822
21MABCH-MA620657-1,21MABCH-MA620657-1,Town Landing - Snail Road - Location 1,MA,Atlantic,42.06105,-70.16284
21MABCH-MA633929-1,21MABCH-MA633929-1,Cockle Cove - Location 1,MA,Atlantic,41.67248,-70.01118
21MABCH-MA634415-1,21MABCH-MA634415-1,Dowses - Location 1,MA,Atlantic,41.6223,-70.36519
21MABCH-MA637345-1,21MABCH-MA637345-1,Willows Pier - Location 1,MA,Atlantic,42.53599,-70.86768
21MABCH-MA689045-1,21MABCH-MA689045-1,Carson Beach (DCR)-I Street,MA,Atlantic,42.32966,-71.04004
21MABCH-MA695584-1,21MABCH-MA695584-1,Breakwater Landing - Location 1,MA,Atlantic,41.7686,-70.08407
21MABCH-MA703173-1,21MABCH-MA703173-1,Bristol (East) - Location 1,MA,Atlantic,41.54577,-70.58864
21MABCH-MA761893-1,21MABCH-MA761893-1,Ocean @ Squibnocket Beach - Location 1,MA,Atlantic,41.31882,-70.76499
21MABCH-MA772916-1,21MABCH-MA772916-1,Plum Island - 55th St. - Location 1,MA,Atlantic,42.81119,-70.80852
21MABCH-MA842468-1,21MABCH-MA842468-1,Sea Street (Dennisport) - Location 1,MA,Atlantic,41.65215,-70.13409
21MABCH-MA851889-1,21MABCH-MA851889-1,Tabor Park South - Location 1,MA,Atlantic,41.59539,-70.90202
21MABCH-MA869051-1,21MABCH-MA869051-1,Fisherman's - Location 1,MA,Atlantic,42.46724,-70.91107
21MABCH-MA871019-3,21MABCH-MA871019-3,Nantasket (DCR)-Park St.,MA,Atlantic,42.26942,-70.85314
21MABCH-MA895787-1,21MABCH-MA895787-1,Plum Cove - Location 1,MA,Atlantic,42.67405,-70.66363
21NJBCH-AC0050,21NJBCH-AC0050,Somers Point City at New Jersey Ave,NJ,Atlantic,39.31066,-74.59246
21NJBCH-AC1015,21NJBCH-AC1015,Atlantic City at Pennsylvania,NJ,Atlantic,39.3573,-74.4198
21NJBCH-AC1075,21NJBCH-AC1075,Atlantic City at Missouri,NJ,Atlantic,39.35282,-74.43468
21NJBCH-AC1088,21NJBCH-AC1088,Margate City at Washington,NJ,Atlantic,39.31865,-74.51064
21NJBCH-AC1089,21NJBCH-AC1089,Ventnor City at New Haven,NJ,Atlantic,39.33396,-74.48171
21NJBCH-CC1162,21NJBCH-CC1162,Ocean City at 24th St,NJ,Atlantic,39.25969,-74.59381
21NJBCH-MC1018,21NJBCH-MC1018,Long Branch City at Atlantic Ave,NJ,Atlantic,40.32004,-73.97502
21NJBCH-MC1022,21NJBCH-MC1022,Deal Borough at Deal Casino,NJ,Atlantic,40.25215,-73.99018
21NJBCH-MC1023,21NJBCH-MC1023,Long Branch City at North Bath,NJ,Atlantic,40.29444,-73.97891
21NJBCH-MC1039,21NJBCH-MC1039,Long Branch City at Laird,NJ,Atlantic,40.30406,-73.97708
21NJBCH-MC1065,21NJBCH-MC1065,Asbury Park City at 7th Ave,NJ,Atlantic,40.22661,-73.99675
21NJBCH-MC1072,21NJBCH-MC1072,Sea Girt Borough at Beacon Blvd,NJ,Atlantic,40.13616,-74.026
21NJBCH-MC1083,21NJBCH-MC1083,Neptune Township at Spray Ave.,NJ,Atlantic,40.21541,-74.00041
21NJBCH-MC1122S,21NJBCH-MC1122S,Deal Borough at Roosevelt Ave,NJ,Atlantic,40.25696,-73.98843
21NJBCH-OC0077,21NJBCH-OC0077,Long Beach Township at New Jersey,NJ,Atlantic,39.58798,-74.22852
21NJBCH-OC1048,21NJBCH-OC1048,Barnegat Light Borough at 10th,NJ,Atlantic,39.75333,-74.10043
21NJBCH-OC1054,21NJBCH-OC1054,Harvey Cedars Borough at 75th Ocean Front,NJ,Atlantic,39.703454,-74.133578
21NJBCH-OC1135,21NJBCH-OC1135,Point Pleasant Beach Borough at Maryland,NJ,Atlantic,40.07659,-74.04026
NJDEP_BB-1675,NJDEP_BB-1675,1675,NJ,Atlantic,39.71873,-74.17319
NJDEP_BB-BB06,NJDEP_BB-BB06,Barnegat Bay below Cedar Creek and above Forked River,NJ,Atlantic,39.85262,-74.10208
NJDEP_BB-BB07a,NJDEP_BB-BB07a,Barnegat Bay below Oyster Creek and above Barnegat Inlet,NJ,Atlantic,39.801286,-74.157117
NJDEP_BB-BB10,NJDEP_BB-BB10,Barnegat Bay by Route 72 bridge,NJ,Atlantic,39.66095,-74.20653
NJDEP_BMWM-1002A,NJDEP_BMWM-1002A,1002A,NJ,Atlantic,40.35678,-74.06847
NJDEP_BMWM-1004D,NJDEP_BMWM-1004D,1004D,NJ,Atlantic,40.35872,-74.05792
NJDEP_BMWM-1006,NJDEP_BMWM-1006,1006,NJ,Atlantic,40.36983,-74.05208
NJDEP_BMWM-1010D,NJDEP_BMWM-1010D,1010D,NJ,Atlantic,40.36872,-74.03042
NJDEP_BMWM-1013,NJDEP_BMWM-1013,1013,NJ,Atlantic,40.3765,-74.01708
NJDEP_BMWM-1016D,NJDEP_BMWM-1016D,1016D,NJ,Atlantic,40.38289,-74.00014
NJDEP_BMWM-1105,NJDEP_BMWM-1105,1105,NJ,Atlantic,40.34955,-73.98069
NJDEP_BMWM-1106A,NJDEP_BMWM-1106A,1106A,NJ,Atlantic,40.34428,-73.97819
NJDEP_BMWM-1122B,NJDEP_BMWM-1122B,1122B,NJ,Atlantic,40.33289,-74.00458
NJDEP_BMWM-1124,NJDEP_BMWM-1124,1124,NJ,Atlantic,40.33261,-74.01653
NJDEP_BMWM-1128A,NJDEP_BMWM-1128A,1128A,NJ,Atlantic,40.32494,-74.01984
NJDEP_BMWM-1135A,NJDEP_BMWM-1135A,1135A,NJ,Atlantic,40.329,-73.99541
NJDEP_BMWM-1138,NJDEP_BMWM-1138,1138,NJ,Atlantic,40.31694,-73.99458
NJDEP_BMWM-1217,NJDEP_BMWM-1217,1217,NJ,Atlantic,40.19734,-74.03569
NJDEP_BMWM-1220A,NJDEP_BMWM-1220A,1220A,NJ,Atlantic,40.19089,-74.03158
NJDEP_BMWM-1301,NJDEP_BMWM-1301,1301,NJ,Atlantic,40.10567,-74.04208
NJDEP_BMWM-1303,NJDEP_BMWM-1303,1303,NJ,Atlantic,40.10956,-74.04486
NJDEP_BMWM-1506D,NJDEP_BMWM-1506D,1506D,NJ,Atlantic,39.94873,-74.1657
NJDEP_BMWM-1600D,NJDEP_BMWM-1600D,1600D,NJ,Atlantic,40.05401,-74.06264
NJDEP_BMWM-1611C,NJDEP_BMWM-1611C,1611C,NJ,Atlantic,40.00512,-74.07291
NJDEP_BMWM-1612,NJDEP_BMWM-1612,1612,NJ,Atlantic,40.0029,-74.10931
NJDEP_BMWM-1612F,NJDEP_BMWM-1612F,1612F,NJ,Atlantic,39.99901,-74.10819
NJDEP_BMWM-1617,NJDEP_BMWM-1617,1617,NJ,Atlantic,39.99373,-74.11347
NJDEP_BMWM-1631E,NJDEP_BMWM-1631E,1631E,NJ,Atlantic,39.93928,-74.09097
NJDEP_BMWM-1632A,NJDEP_BMWM-1632A,1632A,NJ,Atlantic,39.94095,-74.11347
NJDEP_BMWM-1637E,NJDEP_BMWM-1637E,1637E,NJ,Atlantic,39.90845,-74.11764
NJDEP_BMWM-1643C,NJDEP_BMWM-1643C,1643C,NJ,Atlantic,39.8879,-74.12292
NJDEP_BMWM-1648B,NJDEP_BMWM-1648B,1648B,NJ,Atlantic,39.86901,-74.13375
NJDEP_BMWM-1652F,NJDEP_BMWM-1652F,1652F,NJ,Atlantic,39.85031,-74.13936
NJDEP_BMWM-1663D,NJDEP_BMWM-1663D,1663D,NJ,Atlantic,39.8102,-74.1851
NJDEP_BMWM-1664B,NJDEP_BMWM-1664B,1664B,NJ,Atlantic,39.79929,-74.17208
NJDEP_BMWM-1667,NJDEP_BMWM-1667,1667,NJ,Atlantic,39.78762,-74.18292
NJDEP_BMWM-1668B,NJDEP_BMWM-1668B,1668B,NJ,Atlantic,39.78262,-74.17764
NJDEP_BMWM-1686B,NJDEP_BMWM-1686B,1686B,NJ,Atlantic,39.75206,-74.12541
NJDEP_BMWM-1688A,NJDEP_BMWM-1688A,1688A,NJ,Atlantic,39.7654,-74.1043
NJDEP_BMWM-1703,NJDEP_BMWM-1703,1703,NJ,Atlantic,39.6654,-74.21625
NJDEP_BMWM-1705D,NJDEP_BMWM-1705D,1705D,NJ,Atlantic,39.6429,-74.19819
NJDEP_BMWM-1708C,NJDEP_BMWM-1708C,1708C,NJ,Atlantic,39.6452238,-74.2254127
NJDEP_BMWM-1715A,NJDEP_BMWM-1715A,1715A,NJ,Atlantic,39.62067,-74.25653
NJDEP_BMWM-1726,NJDEP_BMWM-1726,1726,NJ,Atlantic,39.65595,-74.18264
NJDEP_BMWM-1806B,NJDEP_BMWM-1806B,1806B,NJ,Atlantic,39.59512,-74.30042
NJDEP_BMWM-1806C,NJDEP_BMWM-1806C,1806C,NJ,Atlantic,39.58623,-74.29153
NJDEP_BMWM-1807C,NJDEP_BMWM-1807C,1807C,NJ,Atlantic,39.59868,-74.31393
NJDEP_BMWM-1814,NJDEP_BMWM-1814,1814,NJ,Atlantic,39.57984,-74.3357
NJDEP_BMWM-1815,NJDEP_BMWM-1815,1815,NJ,Atlantic,39.5779,-74.33348
NJDEP_BMWM-1817B,NJDEP_BMWM-1817B,1817B,NJ,Atlantic,39.57206,-74.33014
NJDEP_BMWM-1824,NJDEP_BMWM-1824,1824,NJ,Atlantic,39.51206,-74.2932
NJDEP_BMWM-1908B,NJDEP_BMWM-1908B,1908B,NJ,Atlantic,39.49928,-74.38015
NJDEP_BMWM-1908G,NJDEP_BMWM-1908G,1908G,NJ,Atlantic,39.51373,-74.34987
NJDEP_BMWM-1919B,NJDEP_BMWM-1919B,1919B,NJ,Atlantic,39.53873,-74.3532
NJDEP_BMWM-2000C,NJDEP_BMWM-2000C,2000C,NJ,Atlantic,39.54456,-74.3982
NJDEP_BMWM-2007D,NJDEP_BMWM-2007D,2007D,NJ,Atlantic,39.56817,-74.45043
NJDEP_BMWM-2100B,NJDEP_BMWM-2100B,2100B,NJ,Atlantic,39.46687,-74.3817
NJDEP_BMWM-2209D,NJDEP_BMWM-2209D,2209D,NJ,Atlantic,39.40123,-74.42487
NJDEP_BMWM-2211,NJDEP_BMWM-2211,2211,NJ,Atlantic,39.39539,-74.40237
NJDEP_BMWM-2212,NJDEP_BMWM-2212,2212,NJ,Atlantic,39.39651,-74.39209
NJDEP_BMWM-2302,NJDEP_BMWM-2302,2302,NJ,Atlantic,39.45623,-74.43293
NJDEP_BMWM-2309C,NJDEP_BMWM-2309C,2309C,NJ,Atlantic,39.42651,-74.4257
NJDEP_BMWM-2311D,NJDEP_BMWM-2311D,2311D,NJ,Atlantic,39.41289,-74.43765
NJDEP_BMWM-2401,NJDEP_BMWM-2401,2401,NJ,Atlantic,39.42151,-74.48154
NJDEP_BMWM-2401A,NJDEP_BMWM-2401A,2401A,NJ,Atlantic,39.41873,-74.4771
NJDEP_BMWM-2403B,NJDEP_BMWM-2403B,2403B,NJ,Atlantic,39.40428,-74.4696
NJDEP_BMWM-2405,NJDEP_BMWM-2405,2405,NJ,Atlantic,39.40762,-74.48571
NJDEP_BMWM-2416L,NJDEP_BMWM-2416L,2416L,NJ,Atlantic,39.37317,-74.41209
NJDEP_BMWM-24A,NJDEP_BMWM-24A,24A,NJ,Atlantic,40.47233,-74.19737
NJDEP_BMWM-2503,NJDEP_BMWM-2503,2503,NJ,Atlantic,39.37012,-74.47737
NJDEP_BMWM-2508D,NJDEP_BMWM-2508D,2508D,NJ,Atlantic,39.36789,-74.49626
NJDEP_BMWM-2508E,NJDEP_BMWM-2508E,2508E,NJ,Atlantic,39.36595,-74.49126
NJDEP_BMWM-2511A,NJDEP_BMWM-2511A,2511A,NJ,Atlantic,39.35762,-74.50571
NJDEP_BMWM-2528,NJDEP_BMWM-2528,2528,NJ,Atlantic,39.35039,-74.50376
NJDEP_BMWM-2532,NJDEP_BMWM-2532,2532,NJ,Atlantic,39.35762,-74.47626
NJDEP_BMWM-2602,NJDEP_BMWM-2602,2602,NJ,Atlantic,39.34345,-74.55543
NJDEP_BMWM-2604B,NJDEP_BMWM-2604B,2604B,NJ,Atlantic,39.33512,-74.54932
NJDEP_BMWM-2701,NJDEP_BMWM-2701,2701,NJ,Atlantic,39.30234,-74.56293
NJDEP_BMWM-2701B,NJDEP_BMWM-2701B,2701B,NJ,Atlantic,39.29734,-74.56154
NJDEP_BMWM-2708,NJDEP_BMWM-2708,2708,NJ,Atlantic,39.31595,-74.58627
NJDEP_BMWM-2716A,NJDEP_BMWM-2716A,2716A,NJ,Atlantic,39.27845,-74.60043
NJDEP_BMWM-2717A,NJDEP_BMWM-2717A,2717A,NJ,Atlantic,39.28845,-74.59349
NJDEP_BMWM-2718,NJDEP_BMWM-2718,2718,NJ,Atlantic,39.289,-74.59821
NJDEP_BMWM-2720C,NJDEP_BMWM-2720C,2720C,NJ,Atlantic,39.28956,-74.62127
NJDEP_BMWM-28,NJDEP_BMWM-28,28,NJ,Atlantic,40.47927,-74.15653
NJDEP_BMWM-2802B,NJDEP_BMWM-2802B,2802B,NJ,Atlantic,39.30928,-74.65433
NJDEP_BMWM-2903,NJDEP_BMWM-2903,2903,NJ,Atlantic,39.29039,-74.64571
NJDEP_BMWM-3002C,NJDEP_BMWM-3002C,3002C,NJ,Atlantic,39.26789,-74.61016
NJDEP_BMWM-3108B,NJDEP_BMWM-3108B,3108B,NJ,Atlantic,39.19623,-74.66516
NJDEP_BMWM-3111,NJDEP_BMWM-3111,3111,NJ,Atlantic,39.20678,-74.66849
NJDEP_BMWM-3112D,NJDEP_BMWM-3112D,3112D,NJ,Atlantic,39.21595,-74.6671
NJDEP_BMWM-3122,NJDEP_BMWM-3122,3122,NJ,Atlantic,39.18656,-74.6704
NJDEP_BMWM-3126A,NJDEP_BMWM-3126A,3126A,NJ,Atlantic,39.17428,-74.6821
NJDEP_BMWM-3129B,NJDEP_BMWM-3129B,3129B,NJ,Atlantic,39.17567,-74.69961
NJDEP_BMWM-3209,NJDEP_BMWM-3209,3209,NJ,Atlantic,39.14069,-74.7264
NJDEP_BMWM-3217A,NJDEP_BMWM-3217A,3217A,NJ,Atlantic,39.11647,-74.73319
NJDEP_BMWM-3307H,NJDEP_BMWM-3307H,3307H,NJ,Atlantic,39.09484,-74.79044
NJDEP_BMWM-3309B,NJDEP_BMWM-3309B,3309B,NJ,Atlantic,39.07372,-74.76961
NJDEP_BMWM-3400B,NJDEP_BMWM-3400B,3400B,NJ,Atlantic,39.06887,-74.79047
NJDEP_BMWM-3408A,NJDEP_BMWM-3408A,3408A,NJ,Atlantic,39.03817,-74.79822
NJDEP_BMWM-3410,NJDEP_BMWM-3410,3410,NJ,Atlantic,39.04928,-74.8253
NJDEP_BMWM-3410E,NJDEP_BMWM-3410E,3410E,NJ,Atlantic,39.0465,-74.81267
NJDEP_BMWM-3500C,NJDEP_BMWM-3500C,3500C,NJ,Atlantic,39.032390819,-74.825293307
NJDEP_BMWM-3500D,NJDEP_BMWM-3500D,3500D,NJ,Atlantic,39.02928,-74.82517
NJDEP_BMWM-3501,NJDEP_BMWM-3501,3501,NJ,Atlantic,39.029,-74.83572
NJDEP_BMWM-3501B,NJDEP_BMWM-3501B,3501B,NJ,Atlantic,39.02611,-74.83129
NJDEP_BMWM-3502,NJDEP_BMWM-3502,3502,NJ,Atlantic,39.01567,-74.84822
NJDEP_BMWM-3510A,NJDEP_BMWM-3510A,3510A,NJ,Atlantic,39.00817,-74.82128
NJDEP_BMWM-3510C,NJDEP_BMWM-3510C,3510C,NJ,Atlantic,39.00484,-74.81461
NJDEP_BMWM-3607A,NJDEP_BMWM-3607A,3607A,NJ,Atlantic,38.97206,-74.86239
NJDEP_BMWM-3608E,NJDEP_BMWM-3608E,3608E,NJ,Atlantic,38.96428,-74.86656
NJDEP_BMWM-3608G,NJDEP_BMWM-3608G,3608G,NJ,Atlantic,38.96595,-74.87573
NJDEP_BMWM-3803G,NJDEP_BMWM-3803G,3803G,NJ,Atlantic,39.28345,-75.26797
NJDEP_BMWM-3805B,NJDEP_BMWM-3805B,3805B,NJ,Atlantic,39.29797,-75.25123
NJDEP_BMWM-3810B,NJDEP_BMWM-3810B,3810B,NJ,Atlantic,39.04011,-74.93628
NJDEP_BMWM-3816A,NJDEP_BMWM-3816A,3816A,NJ,Atlantic,38.99845,-74.96295
NJDEP_BMWM-3821A,NJDEP_BMWM-3821A,3821A,NJ,Atlantic,38.95178,-74.97462
NJDEP_BMWM-3846B,NJDEP_BMWM-3846B,3846B,NJ,Atlantic,39.19011,-75.07296
NJDEP_BMWM-3847D,NJDEP_BMWM-3847D,3847D,NJ,Atlantic,39.19678,-75.02962
NJDEP_BMWM-3847I,NJDEP_BMWM-3847I,3847I,NJ,Atlantic,39.20178,-75.05629
NJDEP_BMWM-3859A,NJDEP_BMWM-3859A,3859A,NJ,Atlantic,39.25511,-75.19963
NJDEP_BMWM-3868E,NJDEP_BMWM-3868E,3868E,NJ,Atlantic,39.19178,-75.1863
NJDEP_BMWM-3869,NJDEP_BMWM-3869,3869,NJ,Atlantic,39.20011,-75.1663
NJDEP_BMWM-3869F,NJDEP_BMWM-3869F,3869F,NJ,Atlantic,39.203566,-75.162318
NJDEP_BMWM-3870,NJDEP_BMWM-3870,3870,NJ,Atlantic,39.22928,-75.1963
NJDEP_BMWM-3880C,NJDEP_BMWM-3880C,3880C,NJ,Atlantic,39.18018,-75.013469
NJDEP_BMWM-3882,NJDEP_BMWM-3882,3882,NJ,Atlantic,39.18511,-74.99962
NJDEP_BMWM-3882B,NJDEP_BMWM-3882B,3882B,NJ,Atlantic,39.193727,-75.023503
NJDEP_BMWM-3888F,NJDEP_BMWM-3888F,3888F,NJ,Atlantic,39.14345,-74.92462
NJDEP_BMWM-3888G,NJDEP_BMWM-3888G,3888G,NJ,Atlantic,39.15511,-74.90795
NJDEP_BMWM-3890,NJDEP_BMWM-3890,3890,NJ,Atlantic,39.12345,-74.90462
NJDEP_BMWM-3894B,NJDEP_BMWM-3894B,3894B,NJ,Atlantic,39.090189,-74.899099
NJDEP_BMWM-3953A,NJDEP_BMWM-3953A,3953A,NJ,Atlantic,39.32678,-75.3263
NJDEP_BMWM-4100G,NJDEP_BMWM-4100G,4100G,NJ,Atlantic,39.32678,-75.34464
NJDEP_BMWM-4100H,NJDEP_BMWM-4100H,4100H,NJ,Atlantic,39.33011,-75.33797
NJDEP_BMWM-910E,NJDEP_BMWM-910E,910E,NJ,Atlantic,40.45789,-74.00708
NJDEP_BMWM-A100A2,NJDEP_BMWM-A100A2,A100A2,NJ,Atlantic,39.00678,-74.76794
NJDEP_BMWM-A106A2,NJDEP_BMWM-A106A2,A106A2,NJ,Atlantic,38.93345,-74.84906
NJDEP_BMWM-A16A2,NJDEP_BMWM-A16A2,A16A2,NJ,Atlantic,40.25678,-73.96625
NJDEP_BMWM-A23A,NJDEP_BMWM-A23A,A23A,NJ,Atlantic,40.14345,-74.01458
NJDEP_BMWM-A33A,NJDEP_BMWM-A33A,A33A,NJ,Atlantic,39.98178,-74.05291
NJDEP_BMWM-A34A2,NJDEP_BMWM-A34A2,A34A2,NJ,Atlantic,39.96012,-74.04458
NJDEP_BMWM-A37E,NJDEP_BMWM-A37E,A37E,NJ,Atlantic,39.919211,-74.042178
NJDEP_BMWM-A39D,NJDEP_BMWM-A39D,A39D,NJ,Atlantic,39.871519,-74.065536
NJDEP_BMWM-A39F,NJDEP_BMWM-A39F,A39F,NJ,Atlantic,39.887739,-74.068992
NJDEP_BMWM-A44A,NJDEP_BMWM-A44A,A44A,NJ,Atlantic,39.79679,-74.08125
NJDEP_BMWM-A47A,NJDEP_BMWM-A47A,A47A,NJ,Atlantic,39.74679,-74.09458
NJDEP_BMWM-A54B,NJDEP_BMWM-A54B,A54B,NJ,Atlantic,39.63345,-74.14791
NJDEP_BMWM-A81B,NJDEP_BMWM-A81B,A81B,NJ,Atlantic,39.28178,-74.51793
NJDEP_BMWM-A82A2,NJDEP_BMWM-A82A2,A82A2,NJ,Atlantic,39.27178,-74.5421
NJDEP_BMWM-A85B,NJDEP_BMWM-A85B,A85B,NJ,Atlantic,39.22845,-74.58627
NJDEP_BMWM-AX16A1,NJDEP_BMWM-AX16A1,AX16A1,NJ,Atlantic,40.26011,-73.98291
NJDEP_BMWM-AX20A,NJDEP_BMWM-AX20A,AX20A,NJ,Atlantic,40.190814,-73.987582
NJDEP_BMWM-B25A2,NJDEP_BMWM-B25A2,B25A2,NJ,Atlantic,40.10678,-74.01125
NJDEP_BMWM-C26A2,NJDEP_BMWM-C26A2,C26A2,NJ,Atlantic,40.08678,-74.01625
NJDEP_BMWM-R07,NJDEP_BMWM-R07,R07,NJ,Atlantic,40.1246,-74.09962
NJDEP_BMWM-R10,NJDEP_BMWM-R10,R10,NJ,Atlantic,39.996514512,-74.150848232
NJDEP_BMWM-R32,NJDEP_BMWM-R32,R32,NJ,Atlantic,39.42998,-74.52054
NJDEP_BMWM-R40,NJDEP_BMWM-R40,R40,NJ,Atlantic,39.39547,-75.04044
NJHDG-33,NJHDG-33,Hudson River,NJ,Atlantic,40.72351,-74.02553
21NYBCH-NY171464-01,21NYBCH-NY171464-01,LLOYD HARBOR VILLAGE PARK,NY,Atlantic,40.8988,-73.4763
21NYBCH-NY301679-01,21NYBCH-NY301679-01,HUNTINGTON BEACH COMMUNITY ASSOCIATION,NY,Atlantic,40.89955,-73.380733
21NYBCH-NY370065-01,21NYBCH-NY370065-01,HEAD OF THE BAY CLUB,NY,Atlantic,40.9045,-73.4086
21NYBCH-NY451928-01,21NYBCH-NY451928-01,TERRACES ON THE SOUND,NY,Atlantic,40.9661,-72.9494
21NYBCH-NY470082-01,21NYBCH-NY470082-01,BAYBERRY COVE BEACH,NY,Atlantic,40.9623,-73.1068
21NYBCH-NY530635-01,21NYBCH-NY530635-01,BENJAMINS BEACH,NY,Atlantic,40.7104,-73.2436
21NYBCH-NY558450-01,21NYBCH-NY558450-01,PRYIBIL BEACH,NY,Atlantic,40.8988,-73.6242
21NYBCH-NY582799-01,21NYBCH-NY582799-01,DANISH AMERICAN BEACH CLUB,NY,Atlantic,40.8297,-73.8138
21NYBCH-NY598076-01,21NYBCH-NY598076-01,THE CREEK BEACH,NY,Atlantic,40.903,-73.6015
21NYBCH-NY612297-01,21NYBCH-NY612297-01,MILLER PLACE PARK BEACH,NY,Atlantic,40.9659,-72.986667
21NYBCH-NY685794-01,21NYBCH-NY685794-01,SHELTER ISLAND HEIGHTS BEACH CLUB,NY,Atlantic,41.086,-72.3588
21NYBCH-NY798606-01,21NYBCH-NY798606-01,GOOSE CREEK,NY,Atlantic,41.0523,-72.4135
21NYBCH-NY969774-01,21NYBCH-NY969774-01,CEDAR BEACH - WEST,NY,Atlantic,40.9657,-73.0306
21NYBCH-NY979731-01,21NYBCH-NY979731-01,SEA CLIFF BEACH,NY,Atlantic,40.8516,-73.6505
21RIBCH-RI184319-01,21RIBCH-RI184319-01,Bonnet Shores Beach Club - Center,RI,Atlantic,41.472695,-71.426837
21RIBCH-RI215063-01,21RIBCH-RI215063-01,Sabin's Point - Center,RI,Atlantic,41.765144,-71.367512
21RIBCH-RI276487-01,21RIBCH-RI276487-01,Peabodys Beach - Center,RI,Atlantic,41.49274257,-71.24733333
21RIBCH-RI426497-01,21RIBCH-RI426497-01,Dunes Club - Center,RI,Atlantic,41.44009,-71.446594
21RIBCH-RI606485-02,21RIBCH-RI606485-02,Scarborough State Beach South - South,RI,Atlantic,41.3857402,-71.47530642
21RIBCH-RI780069-01,21RIBCH-RI780069-01,Ocean House - East,RI,Atlantic,41.309267,-71.851218
21RIBCH-RI970435-03,21RIBCH-RI970435-03,Narragansett Town Beach - South,RI,Atlantic,41.434104,-71.455652
